,sepal_length,sepal_width,petal_length,petal_width
sepal_length,1.0,-0.10936924995064931,0.8717541573048716,0.8179536333691642
sepal_width,-0.10936924995064931,1.0,-0.4205160964011539,-0.35654408961380507
petal_length,0.8717541573048716,-0.4205160964011539,1.0,0.9627570970509662
petal_width,0.8179536333691642,-0.35654408961380507,0.9627570970509662,1.0
